email, senha
0.05713013997204949@mail.com,pwd123
0.3865245569010702@mail.com,pwd123
0.5903009534134335@mail.com,pwd123
0.2817621875989688@mail.com,pwd123
0.017618708236699806@mail.com,pwd123
0.4964899302581711@mail.com,pwd123
0.2407910016491613@mail.com,pwd123
0.5960918079081566@mail.com,pwd123
0.55397970573708@mail.com,pwd123
0.43793653468149046@mail.com,pwd123
0.026004321660794007@mail.com,pwd123
0.00469687103392686@mail.com,pwd123
0.22760311161128244@mail.com,pwd123